timestamp,temperatureC,humidityPct
2025-04-08T20:00,9.5,55
2025-04-08T20:15,8.4,59
2025-04-08T20:30,7.3,63
2025-04-08T20:45,6.2,67
2025-04-08T21:00,5.2,71
2025-04-08T21:15,4.3,75
2025-04-08T21:30,3.4,78
2025-04-08T21:45,2.6,81
2025-04-08T22:00,1.9,84
2025-04-08T22:15,1.2,86
2025-04-08T22:30,0.6,88
2025-04-08T22:45,0.1,90
2025-04-08T23:00,-0.4,91
2025-04-08T23:15,-0.9,92
2025-04-08T23:30,-1.4,93
2025-04-08T23:45,-1.9,94
2025-04-09T00:00,-2.4,95
2025-04-09T00:30,-3.0,96
2025-04-09T01:00,-3.4,96
2025-04-09T02:00,-3.8,97
2025-04-09T03:00,-4.1,97
2025-04-09T04:00,-4.3,97
2025-04-09T05:00,-4.2,97
2025-04-09T05:30,-3.6,96
2025-04-09T06:00,-2.5,94
2025-04-09T06:30,-1.0,90
2025-04-09T07:00,0.8,85
2025-04-09T07:30,2.7,78
2025-04-09T08:00,4.6,70
2025-04-09T08:30,6.5,63
