# Real frost night at Livada Sud near Orhei, 2025-04-08/09 - local time Europe/Chisinau - interpolated to 15 min
# Source: Open-Meteo Historical Weather API (reanalysis), https://open-meteo.com, CC BY 4.0
timestamp,temperatureC,humidityPct,precipitationMm,soilTemperatureC,soilMoisturePct
2025-04-08T18:00,6.1,52,0.7,7.0,37.5
2025-04-08T18:15,5.7,54,0.0,6.8,37.5
2025-04-08T18:30,5.3,57,0.0,6.7,37.5
2025-04-08T18:45,5.0,60,0.0,6.5,37.5
2025-04-08T19:00,4.6,62,0.1,6.3,37.5
2025-04-08T19:15,4.2,65,0.0,6.1,37.5
2025-04-08T19:30,3.9,68,0.0,5.8,37.5
2025-04-08T19:45,3.5,71,0.0,5.6,37.5
2025-04-08T20:00,3.2,74,0,5.4,37.5
2025-04-08T20:15,2.9,76,0.0,5.2,37.5
2025-04-08T20:30,2.5,77,0.0,4.9,37.5
2025-04-08T20:45,2.2,78,0.0,4.7,37.5
2025-04-08T21:00,1.8,80,0,4.4,37.5
2025-04-08T21:15,1.7,80,0.0,4.2,37.5
2025-04-08T21:30,1.6,80,0.0,4.1,37.5
2025-04-08T21:45,1.5,81,0.0,4.0,37.5
2025-04-08T22:00,1.4,81,0,3.8,37.5
2025-04-08T22:15,1.3,82,0.0,3.7,37.5
2025-04-08T22:30,1.1,82,0.0,3.5,37.5
2025-04-08T22:45,1.0,83,0.0,3.4,37.5
2025-04-08T23:00,0.9,84,0,3.3,37.5
2025-04-08T23:15,0.8,84,0.0,3.2,37.5
2025-04-08T23:30,0.6,84,0.0,3.1,37.5
2025-04-08T23:45,0.4,83,0.0,3.0,37.4
2025-04-09T00:00,0.3,83,0,2.9,37.4
2025-04-09T00:15,0.0,84,0.0,2.8,37.4
2025-04-09T00:30,-0.3,84,0.0,2.6,37.4
2025-04-09T00:45,-0.5,85,0.0,2.5,37.4
2025-04-09T01:00,-0.8,86,0,2.4,37.4
2025-04-09T01:15,-1.0,87,0.0,2.3,37.4
2025-04-09T01:30,-1.2,88,0.0,2.1,37.4
2025-04-09T01:45,-1.4,89,0.0,2.0,37.4
2025-04-09T02:00,-1.6,90,0,1.9,37.4
2025-04-09T02:15,-1.8,90,0.0,1.8,37.4
2025-04-09T02:30,-1.9,90,0.0,1.7,37.4
2025-04-09T02:45,-2.1,90,0.0,1.6,37.4
2025-04-09T03:00,-2.2,90,0,1.5,37.4
2025-04-09T03:15,-2.1,91,0.0,1.4,37.5
2025-04-09T03:30,-2.0,92,0.0,1.2,37.5
2025-04-09T03:45,-2.0,93,0.0,1.1,37.6
2025-04-09T04:00,-1.9,94,0,1.0,37.7
2025-04-09T04:15,-2.1,94,0.0,1.0,37.7
2025-04-09T04:30,-2.2,94,0.0,0.9,37.7
2025-04-09T04:45,-2.4,94,0.0,0.9,37.7
2025-04-09T05:00,-2.6,94,0,0.9,37.7
2025-04-09T05:15,-2.7,94,0.0,0.9,37.7
2025-04-09T05:30,-2.9,94,0.0,0.9,37.7
2025-04-09T05:45,-3.0,93,0.0,0.8,37.7
2025-04-09T06:00,-3.1,93,0,0.8,37.7
2025-04-09T06:15,-3.1,93,0.0,0.8,37.7
2025-04-09T06:30,-3.2,94,0.0,0.8,37.7
2025-04-09T06:45,-3.2,94,0.0,0.8,37.6
2025-04-09T07:00,-3.2,94,0,0.8,37.6
2025-04-09T07:15,-2.8,93,0.0,0.8,37.6
2025-04-09T07:30,-2.4,92,0.0,0.8,37.6
2025-04-09T07:45,-1.9,90,0.0,0.8,37.6
2025-04-09T08:00,-1.5,89,0,0.8,37.6
2025-04-09T08:15,-0.9,86,0.0,0.8,37.6
2025-04-09T08:30,-0.4,83,0.0,0.9,37.6
2025-04-09T08:45,0.2,80,0.0,0.9,37.6
2025-04-09T09:00,0.7,77,0,0.9,37.6
2025-04-09T09:15,1.2,72,0.0,1.3,37.6
2025-04-09T09:30,1.7,68,0.0,1.7,37.6
2025-04-09T09:45,2.2,64,0.0,2.1,37.6
2025-04-09T10:00,2.7,59,0,2.5,37.6
2025-04-09T10:15,2.8,57,0.0,2.8,37.6
2025-04-09T10:30,3.0,56,0.0,3.1,37.6
2025-04-09T10:45,3.1,54,0.0,3.5,37.6
2025-04-09T11:00,3.2,52,0,3.8,37.6
