# Real dry, hot spell at Lotul de Floarea-soarelui (sunflower): dry, hot air from 2026-08-01 14:00 local time. Written by backend/make_sample.py.
# Not measured by a sensor in the field: Open-Meteo Historical Weather API (reanalysis), https://open-meteo.com, CC BY 4.0.
timestamp,temperatureC,humidityPct,precipitationMm
2026-07-31T23:00:00Z,20.1,74,0
2026-08-01T00:00:00Z,18.6,80,0
2026-08-01T01:00:00Z,18.0,82,0
2026-08-01T02:00:00Z,17.6,84,0
2026-08-01T03:00:00Z,17.3,86,0
2026-08-01T04:00:00Z,18.9,79,0
2026-08-01T05:00:00Z,21.1,71,0
2026-08-01T06:00:00Z,23.2,62,0
2026-08-01T07:00:00Z,26.1,53,0
2026-08-01T08:00:00Z,28.4,44,0
2026-08-01T09:00:00Z,29.7,37,0
2026-08-01T10:00:00Z,30.6,33,0
2026-08-01T11:00:00Z,31.3,30,0
2026-08-01T12:00:00Z,32.4,27,0
2026-08-01T13:00:00Z,32.7,27,0
2026-08-01T14:00:00Z,32.6,26,0
2026-08-01T15:00:00Z,32.2,27,0
2026-08-01T16:00:00Z,31.1,32,0
2026-08-01T17:00:00Z,28.4,39,0
