# Real dry, hot spell at Lanul de Porumb (corn): dry, hot air from 2026-08-01 15:00 local time. Written by backend/make_sample.py.
# Not measured by a sensor in the field: Open-Meteo Historical Weather API (reanalysis), https://open-meteo.com, CC BY 4.0.
timestamp,temperatureC,humidityPct,precipitationMm
2026-08-01T00:00:00Z,18.9,79,0
2026-08-01T01:00:00Z,18.2,81,0
2026-08-01T02:00:00Z,17.8,84,0
2026-08-01T03:00:00Z,17.5,86,0
2026-08-01T04:00:00Z,18.9,81,0
2026-08-01T05:00:00Z,21.5,72,0
2026-08-01T06:00:00Z,23.5,63,0
2026-08-01T07:00:00Z,26.0,55,0
2026-08-01T08:00:00Z,28.2,45,0
2026-08-01T09:00:00Z,29.6,38,0
2026-08-01T10:00:00Z,30.5,34,0
2026-08-01T11:00:00Z,31.1,32,0
2026-08-01T12:00:00Z,32.4,28,0
2026-08-01T13:00:00Z,32.6,28,0
2026-08-01T14:00:00Z,32.6,28,0
2026-08-01T15:00:00Z,32.3,28,0
2026-08-01T16:00:00Z,31.1,40,0
2026-08-01T17:00:00Z,28.7,53,0
2026-08-01T18:00:00Z,25.9,54,0
