# Real dry, hot spell at Via Nord (vineyard): dry, hot air from 2026-08-01 15:00 local time. Written by backend/make_sample.py.
# Not measured by a sensor in the field: Open-Meteo Historical Weather API (reanalysis), https://open-meteo.com, CC BY 4.0.
timestamp,temperatureC,humidityPct,precipitationMm,soilTemperatureC,soilMoisturePct
2026-08-01T00:00:00Z,18.3,81,0,19.9,18.2
2026-08-01T01:00:00Z,17.6,84,0,19.3,18.2
2026-08-01T02:00:00Z,17.1,85,0,18.8,18.2
2026-08-01T03:00:00Z,16.7,87,0,18.5,18.2
2026-08-01T04:00:00Z,18.5,79,0,18.7,18.2
2026-08-01T05:00:00Z,20.8,72,0,19.8,18.2
2026-08-01T06:00:00Z,22.9,65,0,21.4,18.2
2026-08-01T07:00:00Z,25.6,58,0,23.4,18.2
2026-08-01T08:00:00Z,27.9,49,0,25.5,18.2
2026-08-01T09:00:00Z,29.3,41,0,27.3,18.1
2026-08-01T10:00:00Z,30.3,36,0,28.9,18.1
2026-08-01T11:00:00Z,31.0,32,0,30.1,18.0
2026-08-01T12:00:00Z,32.0,28,0,31.2,17.9
2026-08-01T13:00:00Z,32.2,27,0,31.6,17.9
2026-08-01T14:00:00Z,32.2,27,0,31.5,17.9
2026-08-01T15:00:00Z,31.7,28,0,30.9,17.8
2026-08-01T16:00:00Z,30.4,38,0,30.0,17.8
2026-08-01T17:00:00Z,28.2,38,0,28.5,17.8
2026-08-01T18:00:00Z,27.1,36,0,27.3,17.8
